uf,cd_mun_tse,nm_mun
ac,01392,RIO BRANCO
al,27855,MACEIÓ
am,02550,MANAUS
ap,06050,MACAPÁ
ba,38490,SALVADOR
ce,13897,FORTALEZA
df,97012,BRASÍLIA
es,57053,VITÓRIA
go,93734,GOIÂNIA
ma,09210,SÃO LUÍS
mg,41238,BELO HORIZONTE
ms,90514,CAMPO GRANDE
mt,90670,CUIABÁ
pa,04278,BELÉM
pb,20516,JOÃO PESSOA
pe,25313,RECIFE
pi,12190,TERESINA
pr,75353,CURITIBA
rj,60011,RIO DE JANEIRO
rn,17612,NATAL
ro,00035,PORTO VELHO
rr,03018,BOA VISTA
rs,88013,PORTO ALEGRE
sc,81051,FLORIANÓPOLIS
se,31054,ARACAJU
sp,71072,SÃO PAULO
to,73440,PALMAS
