uf,cd_mun_tse,campo,valor_soma,valor_oficial,diferenca,observado_em
ba,33693|34673|36013,comparecimento,9052279,9053601,-1322,2026-10-05T12:25:00
ba,33693|34673|36013,abstencao,2258817,2259151,-334,2026-10-05T12:25:00
ba,33693|34673|36013,validos,8559047,8560291,-1244,2026-10-05T12:25:00
ba,33693|34673|36013,brancos,154907,154936,-29,2026-10-05T12:25:00
ba,33693|34673|36013,nulos_tvn,338325,338374,-49,2026-10-05T12:25:00
ba,33693|34673|36013,votos_candidato_13,5663804,5664771,-967,2026-10-05T12:25:00
ba,33693|34673|36013,votos_candidato_14,117509,117518,-9,2026-10-05T12:25:00
ba,33693|34673|36013,votos_candidato_21,1298,1299,-1,2026-10-05T12:25:00
ba,33693|34673|36013,votos_candidato_22,2442349,2442585,-236,2026-10-05T12:25:00
ba,33693|34673|36013,votos_candidato_55,122692,122705,-13,2026-10-05T12:25:00
ba,33693|34673|36013,votos_candidato_70,195434,195451,-17,2026-10-05T12:25:00
ba,33693|34673|36013,votos_candidato_80,4648,4649,-1,2026-10-05T12:25:00
